<sequential display_name="edX Exams" format="Exam" graceperiod="0 day 5 hours 0 minutes 0 seconds" graded="true" rerandomize="never" showanswer="attempted" start="2013-02-05T00:00" xqa_key="qaijS3UatK020Wc0sfCtFe0V6jpB4d64">
  <vertical url_name="934cc32c177d41b580c8413e561346b3"/>
  <vertical url_name="vertical_f04afeac0131"/>
  <vertical url_name="b6662b497c094bcc9b870d8270c90c93"/>
  <vertical url_name="f91d8d31f7cf48ce990f8d8745ae4cfa"/>
  <vertical url_name="vertical_ac391cde8a91"/>
  <vertical url_name="vertical_36e0beb03f0a"/>
  <vertical url_name="1b0e2c2c84884b95b1c99fb678cc964c"/>
  <vertical url_name="c7e98fd39a6944edb6b286c32e1150ff"/>
  <vertical url_name="d6eaa391d2be41dea20b8b1bfbcb1c45"/>
</sequential>
