<problem display_name="Text Input" markdown="Here's a very simple example of a text input question. Depending on the course you may have to observe special text requirements for dates, case sensitivity, etc. &#10;&#10;Which country contains Paris as its capital?&#10;= France&#10;[explanation]&#10;You can find verification that Paris is the capital of France on wikipedia, or any atlas that you have at hand.&#10;[explanation]&#10;" max_attempts="" rerandomize="never" showanswer="always" weight="">
  <p>Here's a very simple example of a text input question. Depending on the course you may have to observe special text requirements for dates, case sensitivity, etc. </p>
  <p>Which country contains Paris as its capital?</p>
  <stringresponse answer="France" type="ci">
    <textline size="20"/>
  </stringresponse>
  <solution>
    <div class="detailed-solution">
      <p>Explanation</p>
      <p>You can find verification that Paris is the capital of France on wikipedia, or any atlas that you have at hand.</p>
    </div>
  </solution>
</problem>
