<problem display_name="Attributing Blame" markdown="Two alternative explanations are offered for the fact that the key would not open any of the doors. Which one is correct?&#10;&#10;( ) The key was too small.&#10;( ) The locks were too large. &#10;(x) Neither - because there is no 'correct' frame of reference, the only true statement can be that there was no lock-to-key match.&#10;" rerandomize="never" showanswer="finished">
  <p>Two alternative explanations are offered for the fact that the key would not open any of the doors. Which one is correct?</p>
  <multiplechoiceresponse>
    <choicegroup type="MultipleChoice">
      <choice correct="false">The key was too small.</choice>
      <choice correct="false">The locks were too large. </choice>
      <choice correct="true">Neither - because there is no 'correct' frame of reference, the only true statement can be that there was no lock-to-key match.</choice>
    </choicegroup>
  </multiplechoiceresponse>
</problem>
