<problem display_name="Getting Answers" markdown="In some courses a &quot;show answer&quot; button might appear below a question. When you click on this button, you can see the correct answer (with an explanation) that would receive full credit. &#10;&#10;How much does it cost to take an edX course? Enter the number of dollars.&#10;&#10;= 0 &#10;&#10;[explanation]&#10;It costs zero dollars to take an edX course. All edX courses are free to students.&#10;[explanation]&#10;&#10;&#10;&#10;" max_attempts="" rerandomize="never" showanswer="always" weight="">
  <p>In some courses a "show answer" button might appear below a question. When you click on this button, you can see the correct answer (with an explanation) that would receive full credit. </p>
  <p>How much does it cost to take an edX course? Enter the number of dollars.</p>
  <numericalresponse answer="0">
    <textline/>
  </numericalresponse>
  <solution>
    <div class="detailed-solution">
      <p>Explanation</p>
      <p>It costs zero dollars to take an edX course. All edX courses are free to students.</p>
    </div>
  </solution>
</problem>
