<problem display_name="Answering More Than Once" markdown="Occasionally, you might submit a correct answer and continue experimenting with possible answers. That is great! Exploring all of the possible correct answers is a very effective way to learn. However, you should remember to leave your final answer with a green check mark next to it. The edX system will only count your most recent answer towards your final grade, so if your extra experiments leave your answer in an incorrect state, then you will not get credit for the problem. &#10;&#10;Enter the numerical value of Pi:&#10;= 3.14159 +- .02&#10;&#10;[explanation] Pi, or the the ratio between a circle's circumference to its diameter, is an irrational number known to extreme precision. It is value is approximately equal to 3.14. [explanation] " max_attempts="" rerandomize="never" showanswer="always" weight="">
  <p>Occasionally, you might submit a correct answer and continue experimenting with possible answers. That is great! Exploring all of the possible correct answers is a very effective way to learn. However, you should remember to leave your final answer with a green check mark next to it. The edX system will only count your most recent answer towards your final grade, so if your extra experiments leave your answer in an incorrect state, then you will not get credit for the problem. </p>
  <p>Enter the numerical value of Pi:</p>
  <numericalresponse answer="3.14159">
    <responseparam type="tolerance" default=".02"/>
    <textline/>
  </numericalresponse>
  <solution>
    <div class="detailed-solution">
      <p>Explanation</p>
      <p> Pi, or the the ratio between a circle's circumference to its diameter, is an irrational number known to extreme precision. It is value is approximately equal to 3.14. </p>
    </div>
  </solution>
</problem>
