<problem display_name="Numerical Input" markdown="Some course questions ask that you insert numbers into web-text fields, and your answers can be judged exactly - or approximately - according to the question. &#10;&#10;Note that the edX system uses a period to indicate decimals, so fifteen and three quarters is written &quot;15.75&quot;, not &quot;15,75&quot;. &#10;&#10;Enter the numerical value of Pi:&#10;= 3.14159 +- .02&#10;&#10;Enter the approximate value of 502*9:&#10;= 4518 +- 15%&#10;&#10;Enter the number of fingernails on a healthy human hand. For the purposes of this question, please consider the thumb as a finger:&#10;= 5&#10;&#10;[explanation] Pi, or the the ratio between a circle's circumference to its diameter, is an irrational number known to extreme precision. It is value is approximately equal to 3.14.&#10;Although you can get an exact value by typing 502*9 into a calculator, the result will be close to 500*10, or 5,000. The grader accepts any response within 15% of the true value, 4518, so that you can use any estimation technique that you like.&#10;The index finger, middle finger, ring finger, pinky, and thumb are the five different fingers on a human hand.[explanation] " max_attempts="" rerandomize="never" showanswer="always" weight="">
  <p>Some course questions ask that you insert numbers into web-text fields, and your answers can be judged exactly - or approximately - according to the question. </p>
  <p>Note that the edX system uses a period to indicate decimals, so fifteen and three quarters is written "15.75", not "15,75". </p>
  <p>Enter the numerical value of Pi:</p>
  <numericalresponse answer="3.14159">
    <responseparam type="tolerance" default=".02"/>
    <textline/>
  </numericalresponse>
  <p>Enter the approximate value of 502*9:</p>
  <numericalresponse answer="4518">
    <responseparam type="tolerance" default="15%"/>
    <textline/>
  </numericalresponse>
  <p>Enter the number of fingernails on a healthy human hand. For the purposes of this question, please consider the thumb as a finger:</p>
  <numericalresponse answer="5">
    <textline/>
  </numericalresponse>
  <solution>
    <div class="detailed-solution">
      <p>Explanation</p>
      <p> Pi, or the the ratio between a circle's circumference to its diameter, is an irrational number known to extreme precision. It is value is approximately equal to 3.14.</p>
      <p>Although you can get an exact value by typing 502*9 into a calculator, the result will be close to 500*10, or 5,000. The grader accepts any response within 15% of the true value, 4518, so that you can use any estimation technique that you like.</p>
      <p>The index finger, middle finger, ring finger, pinky, and thumb are the five different fingers on a human hand.</p>
    </div>
  </solution>
</problem>
