<problem display_name="" graceperiod="0 day 5 hours 0 minutes 0 seconds" markdown="null" rerandomize="never" showanswer="never" start="2013-02-05T00:00" xqa_key="qaijS3UatK020Wc0sfCtFe0V6jpB4d64">
  <startouttext/>
  <p>Here's a sandbox where you can experiment with a wide variety of electronic components.  If you click on CHECK below, your diagram
will be saved on the website and you can return at some later time.</p>
  <endouttext/>
  <schematicresponse>
    <p/>
    <center>
      <schematic name="work" value="" width="640" height="800"/>
    </center>
    <answer type="loncapa/python">
correct = ['correct']
</answer>
  </schematicresponse>
</problem>
