<problem display_name="Instructor-Programmed Responses" max_attempts="null" rerandomize="never" showanswer="never" weight="null">
  <text>
    <p>
      Consider the game tree shown below.
      As in the previous problem, trapezoids that point up,
      such as the top node (root), represent choices for the maximizing
      player; trapezoids that point down represent choices for the minimizing
      player.  The circular nodes represent chance
      nodes in which each of the possible actions may be taken with equal
      probability.  Assuming both players act optimally, carry out the
      expectiminimax search algorithm.  Enter the value of each node by clicking
      inside the corresponding trapezoid, typing in the value, and hitting
      enter.
    </p>
  </text>
  <javascriptresponse>
    <generator src="minimax_problem_generator.js"/>
    <grader src="minimax_problem_grader.js" dependencies="minimax.js"/>
    <display class="MinimaxProblemDisplay" src="minimax_problem_display.js" dependencies="jquery-ui-1.8.22.position_only.min.js raphael-min.js extend_raph\ ael.js scale.raphael.js minimax.js"/>
    <responseparam name="numActionsPerLevel" value="[2, 2, 3]"/>
    <responseparam name="problemType" value="&quot;expectimax&quot;"/>
    <javascriptinput points="2">
    </javascriptinput>
  </javascriptresponse>
</problem>
