{"course/Demo_Course": {"ispublic": false, "graded": false, "tabs": [{"type": "courseware", "name": "Courseware"}, {"type": "course_info", "name": "Course Info"}, {"type": "discussion", "name": "Discussion"}, {"type": "wiki", "name": "Wiki"}, {"type": "textbooks", "name": "Textbooks"}, {"type": "progress", "name": "Progress"}], "giturl": null, "discussion_topics": {"General": {"id": "i4x-edx-eiorguegnru-course-foobarbaz"}}, "source_file": null, "html_textbooks": [{"tab_title": "H24H", "chapters": [{"url": "/static/book/h24h/BEFORE-INTRO-HOMER-h24h-intro-book.html", "title": "Introduction to the Book"}, {"url": "/static/book/h24h/BEFORE-HOUR-1-h24h-intro-homer.html", "title": "Introduction to Homeric Poetry"}, {"url": "/static/book/h24h/h24h-hour1.html", "title": "Hour 1"}, {"url": "/static/book/h24h/h24h-hour2.html", "title": "Hour 2"}, {"url": "/static/book/h24h/h24h-hour3.html", "title": "Hour 3"}, {"url": "/static/book/h24h/h24h-hour4.html", "title": "Hour 4"}, {"url": "/static/book/h24h/h24h-hour5.html", "title": "Hour 5"}, {"url": "/static/book/h24h/h24h-hour6.html", "title": "Hour 6"}, {"url": "/static/book/h24h/h24h-hour7.html", "title": "Hour 7"}, {"url": "/static/book/h24h/h24h-hour8.html", "title": "Hour 8"}, {"url": "/static/book/h24h/h24h-hour9.html", "title": "Hour 9"}, {"url": "/static/book/h24h/h24h-hour10.html", "title": "Hour 10"}, {"url": "/static/book/h24h/h24h-hour11.html", "title": "Hour 11"}, {"url": "/static/book/h24h/h24h-hour12.html", "title": "Hour 12"}, {"url": "/static/book/h24h/h24h-hour13.html", "title": "Hour 13"}, {"url": "/static/book/h24h/h24h-hour14.html", "title": "Hour 14"}, {"url": "/static/book/h24h/h24h-hour15.html", "title": "Hour 15"}, {"url": "/static/book/h24h/AFTER-HOUR-15-h24h-intro-tragedy.html", "title": "Introduction to Tragedy"}, {"url": "/static/book/h24h/h24h-hour16.html", "title": "Hour 16"}, {"url": "/static/book/h24h/h24h-hour17.html", "title": "Hour 17"}, {"url": "/static/book/h24h/h24h-hour18.html", "title": "Hour 18"}, {"url": "/static/book/h24h/h24h-hour19.html", "title": "Hour 19"}, {"url": "/static/book/h24h/h24h-hour20.html", "title": "Hour 20"}, {"url": "/static/book/h24h/h24h-hour21.html", "title": "Hour 21"}, {"url": "/static/book/h24h/h24h-hour22.html", "title": "Hour 22"}, {"url": "/static/book/h24h/h24h-hour23.html", "title": "Hour 23"}, {"url": "/static/book/h24h/h24h-hour24.html", "title": "Hour 24"}, {"url": "/static/book/h24h/CoreVocab.html", "title": "Core Vocab"}, {"url": "/static/book/h24h/references.html", "title": "Biblio"}]}, {"tab_title": "Sourcebook", "chapters": [{"url": "/static/book/sourcebook/table-of-contents.html", "title": "Title Page"}, {"url": "/static/book/sourcebook/homeric-iliad-1.html", "title": "Homeric Iliad: Scroll I"}, {"url": "/static/book/sourcebook/homeric-iliad-2.html", "title": "Homeric Iliad: Scroll II"}, {"url": "/static/book/sourcebook/homeric-iliad-3.html", "title": "Homeric Iliad: Scroll III"}, {"url": "/static/book/sourcebook/homeric-iliad-4.html", "title": "Homeric Iliad: Scroll IV"}, {"url": "/static/book/sourcebook/homeric-iliad-5.html", "title": "Homeric Iliad: Scroll V"}, {"url": "/static/book/sourcebook/homeric-iliad-6.html", "title": "Homeric Iliad: Scroll VI"}, {"url": "/static/book/sourcebook/homeric-iliad-7.html", "title": "Homeric Iliad: Scroll VII"}, {"url": "/static/book/sourcebook/homeric-iliad-8.html", "title": "Homeric Iliad: Scroll VIII"}, {"url": "/static/book/sourcebook/homeric-iliad-9.html", "title": "Homeric Iliad: Scroll IX"}, {"url": "/static/book/sourcebook/homeric-iliad-10.html", "title": "Homeric Iliad: Scroll X"}, {"url": "/static/book/sourcebook/homeric-iliad-11.html", "title": "Homeric Iliad: Scroll XI"}, {"url": "/static/book/sourcebook/homeric-iliad-12.html", "title": "Homeric Iliad: Scroll XII"}, {"url": "/static/book/sourcebook/homeric-iliad-13.html", "title": "Homeric Iliad: Scroll XIII"}, {"url": "/static/book/sourcebook/homeric-iliad-14.html", "title": "Homeric Iliad: Scroll XIV"}, {"url": "/static/book/sourcebook/homeric-iliad-15.html", "title": "Homeric Iliad: Scroll XV"}, {"url": "/static/book/sourcebook/homeric-iliad-16.html", "title": "Homeric Iliad: Scroll XVI"}, {"url": "/static/book/sourcebook/homeric-iliad-17.html", "title": "Homeric Iliad: Scroll XVII"}, {"url": "/static/book/sourcebook/homeric-iliad-18.html", "title": "Homeric Iliad: Scroll XVIII"}, {"url": "/static/book/sourcebook/homeric-iliad-19.html", "title": "Homeric Iliad: Scroll XIX"}, {"url": "/static/book/sourcebook/homeric-iliad-20.html", "title": "Homeric Iliad: Scroll XX"}, {"url": "/static/book/sourcebook/homeric-iliad-21.html", "title": "Homeric Iliad: Scroll XXI"}, {"url": "/static/book/sourcebook/homeric-iliad-22.html", "title": "Homeric Iliad: Scroll XXII"}, {"url": "/static/book/sourcebook/homeric-iliad-23.html", "title": "Homeric Iliad: Scroll XXIII"}, {"url": "/static/book/sourcebook/homeric-iliad-24.html", "title": "Homeric Iliad: Scroll XXIV"}, {"url": "/static/book/sourcebook/homeric-odyssey-1.html", "title": "Homeric Odyssey: Scroll I"}, {"url": "/static/book/sourcebook/homeric-odyssey-2.html", "title": "Homeric Odyssey: Scroll II"}, {"url": "/static/book/sourcebook/homeric-odyssey-3.html", "title": "Homeric Odyssey: Scroll III"}, {"url": "/static/book/sourcebook/homeric-odyssey-4.html", "title": "Homeric Odyssey: Scroll IV"}, {"url": "/static/book/sourcebook/homeric-odyssey-5.html", "title": "Homeric Odyssey: Scroll V"}, {"url": "/static/book/sourcebook/homeric-odyssey-6.html", "title": "Homeric Odyssey: Scroll VI"}, {"url": "/static/book/sourcebook/homeric-odyssey-7.html", "title": "Homeric Odyssey: Scroll VII"}, {"url": "/static/book/sourcebook/homeric-odyssey-8.html", "title": "Homeric Odyssey: Scroll VIII"}, {"url": "/static/book/sourcebook/homeric-odyssey-9.html", "title": "Homeric Odyssey: Scroll IX"}, {"url": "/static/book/sourcebook/homeric-odyssey-10.html", "title": "Homeric Odyssey: Scroll X"}, {"url": "/static/book/sourcebook/homeric-odyssey-11.html", "title": "Homeric Odyssey: Scroll XI"}, {"url": "/static/book/sourcebook/homeric-odyssey-12.html", "title": "Homeric Odyssey: Scroll XII"}, {"url": "/static/book/sourcebook/homeric-odyssey-13.html", "title": "Homeric Odyssey: Scroll XIII"}, {"url": "/static/book/sourcebook/homeric-odyssey-14.html", "title": "Homeric Odyssey: Scroll XIV"}, {"url": "/static/book/sourcebook/homeric-odyssey-15.html", "title": "Homeric Odyssey: Scroll XV"}, {"url": "/static/book/sourcebook/homeric-odyssey-16.html", "title": "Homeric Odyssey: Scroll XVI"}, {"url": "/static/book/sourcebook/homeric-odyssey-17.html", "title": "Homeric Odyssey: Scroll XVII"}, {"url": "/static/book/sourcebook/homeric-odyssey-18.html", "title": "Homeric Odyssey: Scroll XVIII"}, {"url": "/static/book/sourcebook/homeric-odyssey-19.html", "title": "Homeric Odyssey: Scroll XIX"}, {"url": "/static/book/sourcebook/homeric-odyssey-20.html", "title": "Homeric Odyssey: Scroll XX"}, {"url": "/static/book/sourcebook/homeric-odyssey-21.html", "title": "Homeric Odyssey: Scroll XXI"}, {"url": "/static/book/sourcebook/homeric-odyssey-22.html", "title": "Homeric Odyssey: Scroll XXII"}, {"url": "/static/book/sourcebook/homeric-odyssey-23.html", "title": "Homeric Odyssey: Scroll XXIII"}, {"url": "/static/book/sourcebook/homeric-odyssey-24.html", "title": "Homeric Odyssey: Scroll XXIV"}, {"url": "/static/book/sourcebook/epic-cycle.html", "title": "The Epic Cycle"}, {"url": "/static/book/sourcebook/homeric-hymn-to-demeter.html", "title": "Homeric Hymn to Demeter"}, {"url": "/static/book/sourcebook/homeric-hymn-to-aphrodite.html", "title": "Homeric Hymn to Aphrodite"}, {"url": "/static/book/sourcebook/alcman-partheneion.html", "title": "Alcman: Partheneion"}, {"url": "/static/book/sourcebook/sappho.html", "title": "Sappho"}, {"url": "/static/book/sourcebook/pindar-pythian-8.html", "title": "Pindar: Pythian 8"}, {"url": "/static/book/sourcebook/aeschylus-agamemnon.html", "title": "Aeschylus: Agamemnon"}, {"url": "/static/book/sourcebook/aeschylus-libation-bearers.html", "title": "Aeschylus: Libation Bearers"}, {"url": "/static/book/sourcebook/aeschylus-eumenides.html", "title": "Aeschylus: Eumenides"}, {"url": "/static/book/sourcebook/sophocles-oc.html", "title": "Sophocles: Oedipus at Colonus"}, {"url": "/static/book/sourcebook/sophocles-ot.html", "title": "Sophocles: Oedipus Tyrannos"}, {"url": "/static/book/sourcebook/euripides-hippolytus.html", "title": "Euripides: Hyppolytus"}, {"url": "/static/book/sourcebook/euripides-bacchae.html", "title": "Euripides: Bacchae"}, {"url": "/static/book/sourcebook/aristotle.html", "title": "Aristotle: Selections"}, {"url": "/static/book/sourcebook/herodotus-croesus.html", "title": "Herodotus: Croesus"}, {"url": "/static/book/sourcebook/herodotus-kyrnos.html", "title": "Herodotus: Kyrnos"}, {"url": "/static/book/sourcebook/herodotus-timesios.html", "title": "Herodotus: Timesios"}, {"url": "/static/book/sourcebook/herodotus-miltiades.html", "title": "Herodotus: Miltiades"}, {"url": "/static/book/sourcebook/herodotus-marathon.html", "title": "Herodotus: Marathon"}, {"url": "/static/book/sourcebook/herodotus-artachaees.html", "title": "Herodotus: Artachaees"}, {"url": "/static/book/sourcebook/herodotus-thermopylae.html", "title": "Herodotus: Thermopylae"}, {"url": "/static/book/sourcebook/herodotus-salamis.html", "title": "Herodotus: Salamis"}, {"url": "/static/book/sourcebook/herodotus-plataea.html", "title": "Herodotus: Plataea"}, {"url": "/static/book/sourcebook/herodotus-protesilaos.html", "title": "Herodotus: Protesilaos"}, {"url": "/static/book/sourcebook/plato-apology.html", "title": "Plato: Apology"}, {"url": "/static/book/sourcebook/plato-phaedo.html", "title": "Plato: Phaedo"}, {"url": "/static/book/sourcebook/pausanias.html", "title": "Pausanias: Selections"}, {"url": "/static/book/sourcebook/hesiod-theogony.html", "title": "Hesiod: Theogony"}, {"url": "/static/book/sourcebook/hesiod-works-and-days.html", "title": "Hesiod: Works and Days"}, {"url": "/static/book/sourcebook/theognis-of-megara.html", "title": "Theognis of Megara"}, {"url": "/static/book/sourcebook/the-sign-of-the-hero.html", "title": "The Sign of the hero"}]}], "showanswer": "attempted", "display_name": "edX Demonstration Course", "graceperiod": "18000 seconds", "due": null, "start": "2013-02-05T05:00:00Z", "xml_attributes": {"filename": ["course/Demo_Course.xml", "course/Demo_Course.xml"]}, "checklists": [{"short_description": "Getting Started With Studio", "items": [{"action_external": false, "short_description": "Add Course Team Members", "action_url": "/manage_users/i4x://edX/DemoX/course/Demo_Course", "action_text": "Edit Course Team", "is_checked": false, "long_description": "Grant your collaborators permission to edit your course so you can work together."}, {"action_external": false, "short_description": "Set Important Dates for Your Course", "action_url": "/edX/DemoX/settings-details/Demo_Course", "action_text": "Edit Course Details &amp; Schedule", "is_checked": false, "long_description": "Establish your course's student enrollment and launch dates on the Schedule and Details page."}, {"action_external": false, "short_description": "Draft Your Course's Grading Policy", "action_url": "/edX/DemoX/settings-grading/Demo_Course", "action_text": "Edit Grading Settings", "is_checked": false, "long_description": "Set up your assignment types and grading policy even if you haven't created all your assignments."}, {"action_external": false, "short_description": "Explore the Other Studio Checklists", "action_url": "", "action_text": "", "is_checked": false, "long_description": "Discover other available course authoring tools, and find help when you need it."}], "id": 0, "action_urls_expanded": true}, {"short_description": "Draft a Rough Course Outline", "items": [{"action_external": false, "is_checked": false, "action_url": "/edX/DemoX/course/Demo_Course", "action_text": "Edit Course Outline", "short_description": "Create Your First Section and Subsection", "long_description": "Use your course outline to build your first Section and Subsection."}, {"action_external": false, "is_checked": false, "action_url": "/edX/DemoX/course/Demo_Course", "action_text": "Edit Course Outline", "short_description": "Set Section Release Dates", "long_description": "Specify the release dates for each Section in your course. Sections become visible to students on their release dates."}, {"action_external": false, "is_checked": false, "action_url": "/edX/DemoX/course/Demo_Course", "action_text": "Edit Course Outline", "short_description": "Designate a Subsection as Graded", "long_description": "Set a Subsection to be graded as a specific assignment type. Assignments within graded Subsections count toward a student's final grade."}, {"action_external": false, "is_checked": false, "action_url": "/edX/DemoX/course/Demo_Course", "action_text": "Edit Course Outline", "short_description": "Reordering Course Content", "long_description": "Use drag and drop to reorder the content in your course."}, {"action_external": false, "is_checked": false, "action_url": "/edX/DemoX/course/Demo_Course", "action_text": "Edit Course Outline", "short_description": "Renaming Sections", "long_description": "Rename Sections by clicking the Section name from the Course Outline."}, {"action_external": false, "is_checked": false, "action_url": "/edX/DemoX/course/Demo_Course", "action_text": "Edit Course Outline", "short_description": "Deleting Course Content", "long_description": "Delete Sections, Subsections, or Units you don't need anymore. Be careful, as there is no Undo function."}, {"action_external": false, "is_checked": false, "action_url": "/edX/DemoX/course/Demo_Course", "action_text": "Edit Course Outline", "short_description": "Add an Instructor-Only Section to Your Outline", "long_description": "Some course authors find using a section for unsorted, in-progress work useful. To do this, create a section and set the release date to the distant future."}], "action_urls_expanded": true}, {"short_description": "Explore edX's Support Tools", "items": [{"action_external": true, "is_checked": false, "action_url": "http://help.edge.edx.org/", "action_text": "Visit Studio Help", "short_description": "Explore the Studio Help Forum", "long_description": "Access the Studio Help forum from the menu that appears when you click your user name in the top right corner of Studio."}, {"action_external": true, "is_checked": false, "action_url": "https://edge.edx.org/courses/edX/edX101/How_to_Create_an_edX_Course/about", "action_text": "Register for edX 101", "short_description": "Enroll in edX 101", "long_description": "Register for edX 101, edX's primer for course creation."}, {"action_external": true, "is_checked": false, "action_url": "http://files.edx.org/Getting_Started_with_Studio.pdf", "action_text": "Download Documentation", "short_description": "Download the Studio Documentation", "long_description": "Download the searchable Studio reference documentation in PDF form."}], "action_urls_expanded": true}, {"short_description": "Draft Your Course About Page", "items": [{"action_external": false, "is_checked": false, "action_url": "/edX/DemoX/settings-details/Demo_Course", "action_text": "Edit Course Schedule &amp; Details", "short_description": "Draft a Course Description", "long_description": "Courses on edX have an About page that includes a course video, description, and more. Draft the text students will read before deciding to enroll in your course."}, {"action_external": false, "is_checked": false, "action_url": "/edX/DemoX/settings-details/Demo_Course", "action_text": "Edit Course Schedule &amp; Details", "short_description": "Add Staff Bios", "long_description": "Showing prospective students who their instructor will be is helpful. Include staff bios on the course About page."}, {"action_external": false, "is_checked": false, "action_url": "/edX/DemoX/settings-details/Demo_Course", "action_text": "Edit Course Schedule &amp; Details", "short_description": "Add Course FAQs", "long_description": "Include a short list of frequently asked questions about your course."}, {"action_external": false, "is_checked": false, "action_url": "/edX/DemoX/settings-details/Demo_Course", "action_text": "Edit Course Schedule &amp; Details", "short_description": "Add Course Prerequisites", "long_description": "Let students know what knowledge and/or skills they should have before they enroll in your course."}], "action_urls_expanded": true}], "advanced_modules": ["annotatable", "videoalpha", "openassessment"], "format": null, "xqa_key": "qaijS3UatK020Wc0sfCtFe0V6jpB4d64", "days_early_for_beta": null, "end": null, "show_calculator": false, "hide_from_toc": false, "rerandomize": "never"}}
